Total runs,Failed runs,Mean Successful runs,Standard Deviation
30,2,38.90819835662842,1.2614042856181755
30,1,38.8886181486064,1.324782148771458
